# ************************************************************
# Sequel Pro SQL dump
# Version 3408
#
# http://www.sequelpro.com/
# http://code.google.com/p/sequel-pro/
#
# Host: 127.0.0.1 (MySQL 5.5.18)
# Database: envpolice
# Generation Time: 2012-07-29 20:19:21 +0000
# ************************************************************


/*!40101 SET @OLD_CHARACTER_SET_CLIENT=@@CHARACTER_SET_CLIENT */;
/*!40101 SET @OLD_CHARACTER_SET_RESULTS=@@CHARACTER_SET_RESULTS */;
/*!40101 SET @OLD_COLLATION_CONNECTION=@@COLLATION_CONNECTION */;
/*!40101 SET NAMES utf8 */;
/*!40014 SET @OLD_FOREIGN_KEY_CHECKS=@@FOREIGN_KEY_CHECKS, FOREIGN_KEY_CHECKS=0 */;
/*!40101 SET @OLD_SQL_MODE=@@SQL_MODE, SQL_MODE='NO_AUTO_VALUE_ON_ZERO' */;
/*!40111 SET @OLD_SQL_NOTES=@@SQL_NOTES, SQL_NOTES=0 */;


# Dump of table assets
# ------------------------------------------------------------

DROP TABLE IF EXISTS `assets`;

CREATE TABLE `assets` (
  `id` int(11) unsigned NOT NULL AUTO_INCREMENT,
  `user_id` int(11) DEFAULT NULL,
  `total_no` varchar(20) DEFAULT NULL COMMENT '總號',
  `sub_no` varchar(20) DEFAULT NULL COMMENT '分類編號',
  `name` varchar(255) DEFAULT NULL COMMENT '品名',
  `location_id` int(11) DEFAULT NULL COMMENT '放置地點',
  `buy_date` varchar(10) DEFAULT NULL COMMENT '採購日',
  `expire_date` varchar(10) DEFAULT NULL COMMENT '到期日',
  `expiration_time` varchar(10) DEFAULT NULL COMMENT '逾期時間',
  `amount` int(11) NOT NULL DEFAULT '0' COMMENT '金額',
  `qty` int(11) NOT NULL DEFAULT '0' COMMENT '數量',
  `years` int(11) DEFAULT NULL COMMENT '年限',
  `note` varchar(255) DEFAULT NULL COMMENT '備註',
  `status` tinyint(1) NOT NULL DEFAULT '1' COMMENT '狀態',
  `created_at` datetime DEFAULT NULL,
  `updated_at` datetime DEFAULT NULL,
  PRIMARY KEY (`id`)
) ENGINE=InnoDB DEFAULT CHARSET=utf8;

LOCK TABLES `assets` WRITE;
/*!40000 ALTER TABLE `assets` DISABLE KEYS */;

INSERT INTO `assets` (`id`, `user_id`, `total_no`, `sub_no`, `name`, `location_id`, `buy_date`, `expire_date`, `expiration_time`, `amount`, `qty`, `years`, `note`, `status`, `created_at`, `updated_at`)
VALUES
	(1193,7,'08192','501010534','微電腦電子恆溼櫃',1,'092/03/01','098/03/01','3年3天',18000,1,6,NULL,1,'2012-07-30 04:13:46','2012-07-30 04:13:46'),
	(1194,7,'10165','405020317','PDA(掌上型電腦,含全球衛星定位系統藍芽接收機.記憶擴充卡)',1,'093/08/01','098/08/01','2年215天',29650,1,5,NULL,1,'2012-07-30 04:13:46','2012-07-30 04:13:46'),
	(1195,5,'09638','6010101','電腦辦公桌(附一只抽)',1,'089/01/01','094/01/01','7年63天',3100,1,5,NULL,1,'2012-07-30 04:13:46','2012-07-30 04:13:46'),
	(1196,5,'09639','6010101','電腦辦公桌(附一只抽)',1,'089/01/01','094/01/01','7年63天',3100,1,5,NULL,1,'2012-07-30 04:13:46','2012-07-30 04:13:46'),
	(1197,5,'11775','6010102','全套式電腦桌',1,'091/05/01','096/05/01','4年308天',2400,1,5,NULL,1,'2012-07-30 04:13:46','2012-07-30 04:13:46'),
	(1198,5,'11878','6030302','微電腦微波爐',1,'091/05/20','096/05/20','4年289天',5000,1,5,NULL,1,'2012-07-30 04:13:46','2012-07-30 04:13:46'),
	(1199,5,'11879','6030302','微電腦微波爐',1,'091/05/20','096/05/20','4年289天',5000,1,5,NULL,1,'2012-07-30 04:13:46','2012-07-30 04:13:46'),
	(1200,5,'12065','6010102','電腦辦公桌',1,'091/08/01','096/08/01','4年216天',2300,1,5,NULL,1,'2012-07-30 04:13:46','2012-07-30 04:13:46'),
	(1201,5,'12066','6010102','全套式電腦桌',1,'091/08/01','096/08/01','4年216天',2400,1,5,NULL,1,'2012-07-30 04:13:46','2012-07-30 04:13:46'),
	(1202,5,'12067','6010102','全套式電腦桌',1,'091/08/01','096/08/01','4年216天',2400,1,5,NULL,1,'2012-07-30 04:13:46','2012-07-30 04:13:46'),
	(1203,2,'013523','3140101-03','Lenovo 2931筆記型電腦',1,'099/01/06','103/01/06','',28571,1,4,NULL,1,'2012-07-30 04:13:46','2012-07-30 04:13:46'),
	(1204,2,'13176','3140101-03','ASUS個人電腦(AS-D765+VW193D)',1,'098/09/03','102/09/03','',24990,1,4,NULL,1,'2012-07-30 04:13:46','2012-07-30 04:13:46'),
	(1205,2,'13177','3140101-03','ASUS個人電腦(AS-D765+VW193D)',1,'098/09/03','102/09/03','',24990,1,4,NULL,1,'2012-07-30 04:13:46','2012-07-30 04:13:46'),
	(1206,2,'13506','3140101-03','個人電腦(Lenovo 7298+Asus VW193D)',1,'099/01/06','103/01/06','',24990,1,4,NULL,1,'2012-07-30 04:13:46','2012-07-30 04:13:46'),
	(1207,2,'13507','3140101-03','個人電腦(Lenovo 7298+Asus VW193D)',1,'099/01/06','103/01/06','',24990,1,4,NULL,1,'2012-07-30 04:13:46','2012-07-30 04:13:46'),
	(1208,2,'13508','3140101-03','個人電腦(Lenovo 7298+Asus VW193D)',1,'099/01/06','103/01/06','',24990,1,4,NULL,1,'2012-07-30 04:13:46','2012-07-30 04:13:46'),
	(1209,2,'13509','3140101-03','個人電腦(Lenovo 7298+Asus VW193D)',1,'099/01/06','103/01/06','',24990,1,4,NULL,1,'2012-07-30 04:13:46','2012-07-30 04:13:46'),
	(1210,2,'13510','3140101-03','個人電腦(Lenovo 7298+Asus VW193D)',1,'099/01/06','103/01/06','',24990,1,4,NULL,1,'2012-07-30 04:13:46','2012-07-30 04:13:46'),
	(1211,2,'13511','3140101-03','個人電腦(Lenovo 7298+Asus VW193D)',1,'099/01/06','103/01/06','',24990,1,4,NULL,1,'2012-07-30 04:13:46','2012-07-30 04:13:46'),
	(1212,2,'13512','3140101-03','個人電腦(Lenovo 7298+Asus VW193D)',1,'099/01/06','103/01/06','',24990,1,4,NULL,1,'2012-07-30 04:13:46','2012-07-30 04:13:46'),
	(1213,2,'13513','3140101-03','個人電腦(Lenovo 7298+Asus VW193D)',1,'099/01/06','103/01/06','',24990,1,4,NULL,1,'2012-07-30 04:13:46','2012-07-30 04:13:46'),
	(1214,2,'13514','3140101-03','個人電腦(Lenovo 7298+Asus VW193D)',1,'099/01/06','103/01/06','',24990,1,4,NULL,1,'2012-07-30 04:13:46','2012-07-30 04:13:46'),
	(1215,2,'13515','3140101-03','個人電腦(Lenovo 7298+Asus VW193D)',1,'099/01/06','103/01/06','',24990,1,4,NULL,1,'2012-07-30 04:13:46','2012-07-30 04:13:46'),
	(1216,2,'14470','314010103','ASUS一般型電腦(MD710+VW193R)',1,'100/12/12','104/12/12','',25000,1,4,NULL,1,'2012-07-30 04:13:46','2012-07-30 04:13:46'),
	(1217,2,'14471','314010103','ASUS一般型電腦(MD710+VW193R)',1,'100/12/12','104/12/12','',25000,1,4,NULL,1,'2012-07-30 04:13:46','2012-07-30 04:13:46'),
	(1218,2,'14472','314010103','ASUS一般型電腦(MD710+VW193R)',1,'100/12/12','104/12/12','',25000,1,4,NULL,1,'2012-07-30 04:13:46','2012-07-30 04:13:46'),
	(1219,2,'14473','314010103','ASUS一般型電腦(MD710+VW193R)',1,'100/12/12','104/12/12','',25000,1,4,NULL,1,'2012-07-30 04:13:46','2012-07-30 04:13:46'),
	(1220,2,'14487','314010103','筆記型電腦(ASUS P43S)',1,'100/12/12','104/12/12','',28785,1,4,NULL,1,'2012-07-30 04:13:46','2012-07-30 04:13:46'),
	(1221,9,'09640','6010101','電腦辦公桌(附一只抽)',2,'089/01/01','094/01/01','7年63天',3100,1,5,NULL,1,'2012-07-30 04:13:46','2012-07-30 04:13:46'),
	(1222,9,'09641','6010101','電腦辦公桌(附一只抽)',2,'089/01/01','094/01/01','7年63天',3100,1,5,NULL,1,'2012-07-30 04:13:46','2012-07-30 04:13:46'),
	(1223,9,'09642','6010101','電腦辦公桌(附一只抽)',2,'089/01/01','094/01/01','7年63天',3100,1,5,NULL,1,'2012-07-30 04:13:46','2012-07-30 04:13:46'),
	(1224,9,'11880','6030302','微電腦微波爐',2,'091/05/20','096/05/20','4年289天',5000,1,5,NULL,1,'2012-07-30 04:13:46','2012-07-30 04:13:46'),
	(1225,9,'11881','6030302','微電腦微波爐',2,'091/05/20','096/05/20','4年289天',5000,1,5,NULL,1,'2012-07-30 04:13:46','2012-07-30 04:13:46'),
	(1226,8,'08193','501010534','微電腦電子恆溼櫃',2,'092/03/01','098/03/01','3年3天',18000,1,6,NULL,1,'2012-07-30 04:13:46','2012-07-30 04:13:46'),
	(1227,8,'10166','405020317','PDA(掌上型電腦,含全球衛星定位系統藍芽接收機.記憶擴充卡)',2,'093/08/01','098/08/01','2年215天',29650,1,5,NULL,1,'2012-07-30 04:13:46','2012-07-30 04:13:46'),
	(1228,8,'10167','405020317','PDA(掌上型電腦,含全球衛星定位系統藍芽接收機.記憶擴充卡)',2,'093/08/01','098/08/01','2年215天',29650,1,5,NULL,1,'2012-07-30 04:13:46','2012-07-30 04:13:46'),
	(1229,8,'10168','405020317','PDA(掌上型電腦,含全球衛星定位系統藍芽接收機.記憶擴充卡)',2,'093/08/01','098/08/01','2年215天',29650,1,5,NULL,1,'2012-07-30 04:13:46','2012-07-30 04:13:46'),
	(1230,8,'10169','405020317','PDA(掌上型電腦,含全球衛星定位系統藍芽接收機.記憶擴充卡)',2,'093/08/01','098/08/01','2年215天',29650,1,5,NULL,1,'2012-07-30 04:13:46','2012-07-30 04:13:46'),
	(1231,4,'010883','314010103','ASUS個人電腦+Polyview17吋顯示器+燒錄機',2,'094/12/30','098/12/30','2年64天',34769,1,4,NULL,1,'2012-07-30 04:13:46','2012-07-30 04:13:46'),
	(1232,4,'010884','314010103','ASUS W3000筆記型電腦',2,'094/12/30','098/12/30','2年64天',44776,1,4,NULL,1,'2012-07-30 04:13:46','2012-07-30 04:13:46'),
	(1233,4,'013190','3140101-03','筆記型電腦(ASUS Pro83Q)',2,'098/09/03','102/09/03','',28571,1,4,NULL,1,'2012-07-30 04:13:46','2012-07-30 04:13:46'),
	(1234,4,'013524','3140101-03','Lenovo 2931筆記型電腦',2,'099/01/06','103/01/06','',28571,1,4,NULL,1,'2012-07-30 04:13:46','2012-07-30 04:13:46'),
	(1235,4,'013525','3140101-03','Lenovo 2931筆記型電腦',2,'099/01/06','103/01/06','',28571,1,4,NULL,1,'2012-07-30 04:13:46','2012-07-30 04:13:46'),
	(1236,4,'10704','314010103','ASUS個人電腦+Polyview17吋顯示器+燒錄機',2,'094/12/01','098/12/01','2年93天',34769,1,4,NULL,1,'2012-07-30 04:13:46','2012-07-30 04:13:46'),
	(1237,4,'10705','314010103','ASUS個人電腦+Polyview17吋顯示器+燒錄機',2,'094/12/01','098/12/01','2年93天',34769,1,4,NULL,1,'2012-07-30 04:13:46','2012-07-30 04:13:46'),
	(1238,4,'10709','314010103','ASUS個人電腦+Polyview17吋顯示器+燒錄機',2,'094/12/01','098/12/01','2年93天',34769,1,4,NULL,1,'2012-07-30 04:13:46','2012-07-30 04:13:46'),
	(1239,4,'10710','314010103','ASUS個人電腦+Polyview17吋顯示器+燒錄機',2,'094/12/01','098/12/01','2年93天',34769,1,4,NULL,1,'2012-07-30 04:13:46','2012-07-30 04:13:46'),
	(1240,4,'10713','314010103','ASUS個人電腦+Polyview17吋顯示器+燒錄機',2,'094/12/01','098/12/01','2年93天',34769,1,4,NULL,1,'2012-07-30 04:13:46','2012-07-30 04:13:46'),
	(1241,4,'10714','314010103','ASUS個人電腦+Polyview17吋顯示器+燒錄機',2,'094/12/01','098/12/01','2年93天',34769,1,4,NULL,1,'2012-07-30 04:13:46','2012-07-30 04:13:46'),
	(1242,4,'10715','314010103','ASUS個人電腦+Polyview17吋顯示器+燒錄機',2,'094/12/01','098/12/01','2年93天',34769,1,4,NULL,1,'2012-07-30 04:13:46','2012-07-30 04:13:46'),
	(1243,4,'10742','314010103','ASUS W3000筆記型電腦',2,'094/12/01','098/12/01','2年93天',44776,1,4,NULL,1,'2012-07-30 04:13:46','2012-07-30 04:13:46'),
	(1244,4,'10743','314010103','ASUS W3000筆記型電腦',2,'094/12/01','098/12/01','2年93天',44776,1,4,NULL,1,'2012-07-30 04:13:46','2012-07-30 04:13:46'),
	(1245,4,'10865','314010103','ASUS個人電腦+Polyview17吋顯示器+燒錄機',2,'094/12/30','098/12/30','2年64天',34769,1,4,NULL,1,'2012-07-30 04:13:46','2012-07-30 04:13:46'),
	(1246,4,'10866','314010103','ASUS個人電腦+Polyview17吋顯示器+燒錄機',2,'094/12/30','098/12/30','2年64天',34769,1,4,NULL,1,'2012-07-30 04:13:46','2012-07-30 04:13:46'),
	(1247,4,'10867','314010103','ASUS個人電腦+Polyview17吋顯示器+燒錄機',2,'094/12/30','098/12/30','2年64天',34769,1,4,NULL,1,'2012-07-30 04:13:46','2012-07-30 04:13:46'),
	(1248,4,'10868','314010103','ASUS個人電腦+Polyview17吋顯示器+燒錄機',2,'094/12/30','098/12/30','2年64天',34769,1,4,NULL,1,'2012-07-30 04:13:46','2012-07-30 04:13:46'),
	(1249,4,'10869','314010103','ASUS個人電腦+Polyview17吋顯示器+燒錄機',2,'094/12/30','098/12/30','2年64天',34769,1,4,NULL,1,'2012-07-30 04:13:46','2012-07-30 04:13:46'),
	(1250,4,'10870','314010103','ASUS個人電腦+Polyview17吋顯示器+燒錄機',2,'094/12/30','098/12/30','2年64天',34769,1,4,NULL,1,'2012-07-30 04:13:46','2012-07-30 04:13:46'),
	(1251,4,'13175','3140101-03','ASUS個人電腦(AS-D765+VW193D)',2,'098/09/03','102/09/03','',24990,1,4,NULL,1,'2012-07-30 04:13:46','2012-07-30 04:13:46'),
	(1252,4,'13178','3140101-03','ASUS個人電腦(AS-D765+VW193D)',2,'098/09/03','102/09/03','',24990,1,4,NULL,1,'2012-07-30 04:13:46','2012-07-30 04:13:46'),
	(1253,4,'13179','3140101-03','ASUS個人電腦(AS-D765+VW193D)',2,'098/09/03','102/09/03','',24990,1,4,NULL,1,'2012-07-30 04:13:46','2012-07-30 04:13:46'),
	(1254,4,'13516','3140101-03','個人電腦(Lenovo 7298+Asus VW193D)',2,'099/01/06','103/01/06','',24990,1,4,NULL,1,'2012-07-30 04:13:46','2012-07-30 04:13:46'),
	(1255,4,'13517','3140101-03','個人電腦(Lenovo 7298+Asus VW193D)',2,'099/01/06','103/01/06','',24990,1,4,NULL,1,'2012-07-30 04:13:47','2012-07-30 04:13:47'),
	(1256,4,'13518','3140101-03','個人電腦(Lenovo 7298+Asus VW193D)',2,'099/01/06','103/01/06','',24990,1,4,NULL,1,'2012-07-30 04:13:47','2012-07-30 04:13:47'),
	(1257,4,'13750','3140101-03','Acer企業型電腦(L480+V193W)',2,'099/09/27','103/09/27','',22921,1,4,NULL,1,'2012-07-30 04:13:47','2012-07-30 04:13:47'),
	(1258,4,'13751','3140101-03','Acer企業型電腦(L480+V193W)',2,'099/09/27','103/09/27','',22921,1,4,NULL,1,'2012-07-30 04:13:47','2012-07-30 04:13:47'),
	(1259,4,'13752','3140101-03','Acer企業型電腦(L480+V193W)',2,'099/09/27','103/09/27','',22921,1,4,NULL,1,'2012-07-30 04:13:47','2012-07-30 04:13:47'),
	(1260,3,'010887','314010103','ASUS W3000筆記型電腦',3,'094/12/30','098/12/30','2年64天',44776,1,4,NULL,1,'2012-07-30 04:13:47','2012-07-30 04:13:47'),
	(1261,3,'010888','314010103','ASUS W3000筆記型電腦',3,'094/12/30','098/12/30','2年64天',44776,1,4,NULL,1,'2012-07-30 04:13:47','2012-07-30 04:13:47'),
	(1262,3,'010889','314010103','ASUS W3000筆記型電腦',3,'094/12/30','098/12/30','2年64天',44776,1,4,NULL,1,'2012-07-30 04:13:47','2012-07-30 04:13:47'),
	(1263,3,'013519','3140101-03','個人電腦(Lenovo 7298+Asus VW193D)',3,'099/01/06','103/01/06','',24990,1,4,NULL,1,'2012-07-30 04:13:47','2012-07-30 04:13:47'),
	(1264,3,'013520','3140101-03','個人電腦(Lenovo 7298+Asus VW193D)',3,'099/01/06','103/01/06','',24990,1,4,NULL,1,'2012-07-30 04:13:47','2012-07-30 04:13:47'),
	(1265,3,'013527','3140101-03','Lenovo 2931筆記型電腦',3,'099/01/06','103/01/06','',28571,1,4,NULL,1,'2012-07-30 04:13:47','2012-07-30 04:13:47'),
	(1266,3,'013754','3140101-03','Acer企業型電腦(L480+V193W)',3,'099/09/27','103/09/27','',22921,1,4,NULL,1,'2012-07-30 04:13:47','2012-07-30 04:13:47'),
	(1267,3,'013755','3140101-03','Acer企業型電腦(L480+V193W)',3,'099/09/27','103/09/27','',22921,1,4,NULL,1,'2012-07-30 04:13:47','2012-07-30 04:13:47'),
	(1268,3,'09643','6010101','電腦辦公桌(附一只抽)',3,'089/01/01','094/01/01','7年63天',3100,1,5,NULL,1,'2012-07-30 04:13:47','2012-07-30 04:13:47'),
	(1269,3,'09644','6010101','電腦辦公桌(附一只抽)',3,'089/01/01','094/01/01','7年63天',3100,1,5,NULL,1,'2012-07-30 04:13:47','2012-07-30 04:13:47'),
	(1270,3,'09645','6010101','電腦辦公桌(附一只抽)',3,'089/01/01','094/01/01','7年63天',3100,1,5,NULL,1,'2012-07-30 04:13:47','2012-07-30 04:13:47'),
	(1271,3,'10717','314010103','ASUS個人電腦+Polyview17吋顯示器+燒錄機',3,'094/12/01','098/12/01','2年93天',34769,1,4,NULL,1,'2012-07-30 04:13:47','2012-07-30 04:13:47'),
	(1272,3,'10718','314010103','ASUS個人電腦+Polyview17吋顯示器+燒錄機',3,'094/12/01','098/12/01','2年93天',34769,1,4,NULL,1,'2012-07-30 04:13:47','2012-07-30 04:13:47'),
	(1273,3,'10719','314010103','ASUS個人電腦+Polyview17吋顯示器+燒錄機',3,'094/12/01','098/12/01','2年93天',34769,1,4,NULL,1,'2012-07-30 04:13:47','2012-07-30 04:13:47'),
	(1274,3,'10721','314010103','ASUS個人電腦+Polyview17吋顯示器+燒錄機',3,'094/12/01','098/12/01','2年93天',34769,1,4,NULL,1,'2012-07-30 04:13:47','2012-07-30 04:13:47'),
	(1275,3,'10722','314010103','ASUS個人電腦+Polyview17吋顯示器+燒錄機',3,'094/12/01','098/12/01','2年93天',34769,1,4,NULL,1,'2012-07-30 04:13:47','2012-07-30 04:13:47'),
	(1276,3,'10723','314010103','ASUS個人電腦+Polyview17吋顯示器+燒錄機',3,'094/12/01','098/12/01','2年93天',34769,1,4,NULL,1,'2012-07-30 04:13:47','2012-07-30 04:13:47'),
	(1277,3,'10724','314010103','ASUS個人電腦+Polyview17吋顯示器+燒錄機',3,'094/12/01','098/12/01','2年93天',34769,1,4,NULL,1,'2012-07-30 04:13:47','2012-07-30 04:13:47'),
	(1278,3,'10725','314010103','ASUS個人電腦+Polyview17吋顯示器+燒錄機',3,'094/12/01','098/12/01','2年93天',34769,1,4,NULL,1,'2012-07-30 04:13:47','2012-07-30 04:13:47'),
	(1279,3,'10726','314010103','ASUS個人電腦+Polyview17吋顯示器+燒錄機',3,'094/12/01','098/12/01','2年93天',34769,1,4,NULL,1,'2012-07-30 04:13:47','2012-07-30 04:13:47'),
	(1280,3,'10727','314010103','ASUS個人電腦+Polyview17吋顯示器+燒錄機',3,'094/12/01','098/12/01','2年93天',34769,1,4,NULL,1,'2012-07-30 04:13:47','2012-07-30 04:13:47'),
	(1281,3,'10729','314010103','ASUS個人電腦+Polyview17吋顯示器+燒錄機',3,'094/12/01','098/12/01','2年93天',34769,1,4,NULL,1,'2012-07-30 04:13:47','2012-07-30 04:13:47'),
	(1282,3,'10745','314010103','ASUS W3000筆記型電腦',3,'094/12/01','098/12/01','2年93天',44776,1,4,NULL,1,'2012-07-30 04:13:47','2012-07-30 04:13:47'),
	(1283,3,'10871','314010103','ASUS個人電腦+Polyview17吋顯示器+燒錄機',3,'094/12/30','098/12/30','2年64天',34769,1,4,NULL,1,'2012-07-30 04:13:47','2012-07-30 04:13:47'),
	(1284,3,'10872','314010103','ASUS個人電腦+Polyview17吋顯示器+燒錄機',3,'094/12/30','098/12/30','2年64天',34769,1,4,NULL,1,'2012-07-30 04:13:47','2012-07-30 04:13:47'),
	(1285,3,'10875','314010103','ASUS個人電腦+Polyview17吋顯示器+燒錄機',3,'094/12/30','098/12/30','2年64天',34769,1,4,NULL,1,'2012-07-30 04:13:47','2012-07-30 04:13:47'),
	(1286,3,'10890','314010103','ASUS W3000筆記型電腦',3,'094/12/30','098/12/30','2年64天',44776,1,4,NULL,1,'2012-07-30 04:13:47','2012-07-30 04:13:47'),
	(1287,3,'11826','6010102','電腦辦公桌 / 附二抽屜',3,'091/05/01','096/05/01','4年308天',2300,1,5,NULL,1,'2012-07-30 04:13:47','2012-07-30 04:13:47'),
	(1288,3,'11827','6010102','電腦辦公桌 / 附二抽屜',3,'091/05/01','096/05/01','4年308天',2300,1,5,NULL,1,'2012-07-30 04:13:47','2012-07-30 04:13:47'),
	(1289,3,'11828','6010102','電腦辦公桌 / 附二抽屜',3,'091/05/01','096/05/01','4年308天',2300,1,5,NULL,1,'2012-07-30 04:13:47','2012-07-30 04:13:47'),
	(1290,3,'11829','6010102','電腦辦公桌 / 附二抽屜',3,'091/05/01','096/05/01','4年308天',2300,1,5,NULL,1,'2012-07-30 04:13:47','2012-07-30 04:13:47'),
	(1291,3,'11830','6010102','電腦辦公桌 / 附二抽屜',3,'091/05/01','096/05/01','4年308天',2300,1,5,NULL,1,'2012-07-30 04:13:47','2012-07-30 04:13:47'),
	(1292,3,'11831','6010102','電腦辦公桌 / 附二抽屜',3,'091/05/01','096/05/01','4年308天',2300,1,5,NULL,1,'2012-07-30 04:13:47','2012-07-30 04:13:47'),
	(1293,3,'11832','6010102','電腦辦公桌 / 附二抽屜',3,'091/05/01','096/05/01','4年308天',2300,1,5,NULL,1,'2012-07-30 04:13:47','2012-07-30 04:13:47'),
	(1294,3,'11833','6010102','電腦辦公桌 / 附二抽屜',3,'091/05/01','096/05/01','4年308天',2300,1,5,NULL,1,'2012-07-30 04:13:47','2012-07-30 04:13:47'),
	(1295,3,'11834','6010102','電腦辦公桌 / 附二抽屜',3,'091/05/01','096/05/01','4年308天',2300,1,5,NULL,1,'2012-07-30 04:13:47','2012-07-30 04:13:47'),
	(1296,3,'11835','6010102','電腦辦公桌 / 附二抽屜',3,'091/05/01','096/05/01','4年308天',2300,1,5,NULL,1,'2012-07-30 04:13:47','2012-07-30 04:13:47'),
	(1297,3,'11836','6010102','電腦辦公桌 / 附二抽屜',3,'091/05/01','096/05/01','4年308天',2300,1,5,NULL,1,'2012-07-30 04:13:47','2012-07-30 04:13:47'),
	(1298,3,'11837','6010102','電腦辦公桌 / 附二抽屜',3,'091/05/01','096/05/01','4年308天',2300,1,5,NULL,1,'2012-07-30 04:13:47','2012-07-30 04:13:47'),
	(1299,3,'13180','3140101-03','ASUS個人電腦(AS-D765+VW193D)',3,'098/09/03','102/09/03','',24990,1,4,NULL,1,'2012-07-30 04:13:47','2012-07-30 04:13:47'),
	(1300,3,'13181','3140101-03','ASUS個人電腦(AS-D765+VW193D)',3,'098/09/03','102/09/03','',24990,1,4,NULL,1,'2012-07-30 04:13:47','2012-07-30 04:13:47'),
	(1301,3,'13182','3140101-03','ASUS個人電腦(AS-D765+VW193D)',3,'098/09/03','102/09/03','',24990,1,4,NULL,1,'2012-07-30 04:13:47','2012-07-30 04:13:47'),
	(1302,3,'13183','3140101-03','ASUS個人電腦(AS-D765+VW193D)',3,'098/09/03','102/09/03','',24990,1,4,NULL,1,'2012-07-30 04:13:47','2012-07-30 04:13:47'),
	(1303,3,'13184','3140101-03','ASUS個人電腦(AS-D765+VW193D)',3,'098/09/03','102/09/03','',24990,1,4,NULL,1,'2012-07-30 04:13:47','2012-07-30 04:13:47'),
	(1304,3,'13191','3140101-03','筆記型電腦(ASUS Pro83Q)',3,'098/09/03','102/09/03','',28571,1,4,NULL,1,'2012-07-30 04:13:47','2012-07-30 04:13:47'),
	(1305,3,'13192','3140101-03','筆記型電腦(ASUS Pro83Q)',3,'098/09/03','102/09/03','',28571,1,4,NULL,1,'2012-07-30 04:13:47','2012-07-30 04:13:47'),
	(1306,3,'13193','3140101-03','筆記型電腦(ASUS Pro83Q)',3,'098/09/03','102/09/03','',28571,1,4,NULL,1,'2012-07-30 04:13:47','2012-07-30 04:13:47'),
	(1307,3,'13526','3140101-03','Lenovo 2931筆記型電腦',3,'099/01/06','103/01/06','',28571,1,4,NULL,1,'2012-07-30 04:13:47','2012-07-30 04:13:47'),
	(1308,3,'13753','3140101-03','Acer企業型電腦(L480+V193W)',3,'099/09/27','103/09/27','',22921,1,4,NULL,1,'2012-07-30 04:13:47','2012-07-30 04:13:47'),
	(1309,3,'13756','3140101-03','Acer企業型電腦(L480+V193W)',3,'099/09/27','103/09/27','',22921,1,4,NULL,1,'2012-07-30 04:13:47','2012-07-30 04:13:47'),
	(1310,3,'13757','3140101-03','Acer企業型電腦(L480+V193W)',3,'099/09/27','103/09/27','',22921,1,4,NULL,1,'2012-07-30 04:13:47','2012-07-30 04:13:47'),
	(1311,3,'13758','3140101-03','Acer企業型電腦(L480+V193W)',3,'099/09/27','103/09/27','',22921,1,4,NULL,1,'2012-07-30 04:13:47','2012-07-30 04:13:47'),
	(1312,3,'14474','314010103','ASUS一般型電腦(MD710+VW193R)',3,'100/12/12','104/12/12','',25000,1,4,NULL,1,'2012-07-30 04:13:47','2012-07-30 04:13:47'),
	(1313,3,'14475','314010103','ASUS一般型電腦(MD710+VW193R)',3,'100/12/12','104/12/12','',25000,1,4,NULL,1,'2012-07-30 04:13:47','2012-07-30 04:13:47'),
	(1314,3,'14476','314010103','ASUS一般型電腦(MD710+VW193R)',3,'100/12/12','104/12/12','',25000,1,4,NULL,1,'2012-07-30 04:13:47','2012-07-30 04:13:47'),
	(1315,3,'14477','314010103','ASUS一般型電腦(MD710+VW193R)',3,'100/12/12','104/12/12','',25000,1,4,NULL,1,'2012-07-30 04:13:47','2012-07-30 04:13:47'),
	(1316,3,'14478','314010103','ASUS一般型電腦(MD710+VW193R)',3,'100/12/12','104/12/12','',25000,1,4,NULL,1,'2012-07-30 04:13:47','2012-07-30 04:13:47'),
	(1317,3,'14479','314010103','ASUS一般型電腦(MD710+VW193R)',3,'100/12/12','104/12/12','',25000,1,4,NULL,1,'2012-07-30 04:13:47','2012-07-30 04:13:47'),
	(1318,12,'08194','501010534','微電腦電子恆溼櫃',3,'092/03/01','098/03/01','3年3天',18000,1,6,NULL,1,'2012-07-30 04:13:47','2012-07-30 04:13:47'),
	(1319,10,'08195','501010534','微電腦電子恆溼櫃',4,'092/03/01','098/03/01','3年3天',18000,1,6,NULL,1,'2012-07-30 04:13:47','2012-07-30 04:13:47'),
	(1320,11,'010882','314010103','ASUS個人電腦+Polyview17吋顯示器+燒錄機',4,'094/12/30','098/12/30','2年64天',34769,1,4,NULL,1,'2012-07-30 04:13:47','2012-07-30 04:13:47'),
	(1321,11,'010891','314010103','ASUS W3000筆記型電腦',4,'094/12/30','098/12/30','2年64天',44776,1,4,NULL,1,'2012-07-30 04:13:47','2012-07-30 04:13:47'),
	(1322,11,'013522','3140101-03','個人電腦(Lenovo 7298+Asus VW193D)',4,'099/01/06','103/01/06','',24990,1,4,NULL,1,'2012-07-30 04:13:47','2012-07-30 04:13:47'),
	(1323,11,'013528','3140101-03','Lenovo 2931筆記型電腦',4,'099/01/06','103/01/06','',28571,1,4,NULL,1,'2012-07-30 04:13:47','2012-07-30 04:13:47'),
	(1324,11,'013529','3140101-03','Lenovo 2931筆記型電腦',4,'099/01/06','103/01/06','',28571,1,4,NULL,1,'2012-07-30 04:13:47','2012-07-30 04:13:47'),
	(1325,11,'09646','6010101','電腦辦公桌(附一只抽)',4,'089/01/01','094/01/01','7年63天',3100,1,5,NULL,1,'2012-07-30 04:13:47','2012-07-30 04:13:47'),
	(1326,11,'09647','6010101','電腦辦公桌(附一只抽)',4,'089/01/01','094/01/01','7年63天',3100,1,5,NULL,1,'2012-07-30 04:13:47','2012-07-30 04:13:47'),
	(1327,11,'09648','6010101','電腦辦公桌(附一只抽)',4,'089/01/01','094/01/01','7年63天',3100,1,5,NULL,1,'2012-07-30 04:13:47','2012-07-30 04:13:47'),
	(1328,11,'10174','405020317','PDA(掌上型電腦,含全球衛星定位系統藍芽接收機.記憶擴充卡)',4,'093/08/01','098/08/01','2年215天',29650,1,5,NULL,1,'2012-07-30 04:13:47','2012-07-30 04:13:47'),
	(1329,11,'10175','405020317','PDA(掌上型電腦,含全球衛星定位系統藍芽接收機.記憶擴充卡)',4,'093/08/01','098/08/01','2年215天',29650,1,5,NULL,1,'2012-07-30 04:13:47','2012-07-30 04:13:47'),
	(1330,11,'10176','405020317','PDA(掌上型電腦,含全球衛星定位系統藍芽接收機.記憶擴充卡)',4,'093/08/01','098/08/01','2年215天',29650,1,5,NULL,1,'2012-07-30 04:13:47','2012-07-30 04:13:47'),
	(1331,11,'10177','405020317','PDA(掌上型電腦,含全球衛星定位系統藍芽接收機.記憶擴充卡)',4,'093/08/01','098/08/01','2年215天',29650,1,5,NULL,1,'2012-07-30 04:13:47','2012-07-30 04:13:47'),
	(1332,11,'10730','314010103','ASUS個人電腦+Polyview17吋顯示器+燒錄機',4,'094/12/01','098/12/01','2年93天',34769,1,4,NULL,1,'2012-07-30 04:13:47','2012-07-30 04:13:47'),
	(1333,11,'10732','314010103','ASUS個人電腦+Polyview17吋顯示器+燒錄機',4,'094/12/01','098/12/01','2年93天',34769,1,4,NULL,1,'2012-07-30 04:13:47','2012-07-30 04:13:47'),
	(1334,11,'10734','314010103','ASUS個人電腦+Polyview17吋顯示器+燒錄機',4,'094/12/01','098/12/01','2年93天',34769,1,4,NULL,1,'2012-07-30 04:13:47','2012-07-30 04:13:47'),
	(1335,11,'10735','314010103','ASUS個人電腦+Polyview17吋顯示器+燒錄機',4,'094/12/01','098/12/01','2年93天',34769,1,4,NULL,1,'2012-07-30 04:13:47','2012-07-30 04:13:47'),
	(1336,11,'10736','314010103','ASUS個人電腦+Polyview17吋顯示器+燒錄機',4,'094/12/01','098/12/01','2年93天',34769,1,4,NULL,1,'2012-07-30 04:13:47','2012-07-30 04:13:47'),
	(1337,11,'10737','314010103','ASUS個人電腦+Polyview17吋顯示器+燒錄機',4,'094/12/01','098/12/01','2年93天',34769,1,4,NULL,1,'2012-07-30 04:13:47','2012-07-30 04:13:47'),
	(1338,11,'10738','314010103','ASUS個人電腦+Polyview17吋顯示器+燒錄機',4,'094/12/01','098/12/01','2年93天',34769,1,4,NULL,1,'2012-07-30 04:13:47','2012-07-30 04:13:47'),
	(1339,11,'10739','314010103','ASUS個人電腦+Polyview17吋顯示器+燒錄機',4,'094/12/01','098/12/01','2年93天',34769,1,4,NULL,1,'2012-07-30 04:13:47','2012-07-30 04:13:47'),
	(1340,11,'10740','314010103','ASUS個人電腦+Polyview17吋顯示器+燒錄機',4,'094/12/01','098/12/01','2年93天',34769,1,4,NULL,1,'2012-07-30 04:13:47','2012-07-30 04:13:47'),
	(1341,11,'10741','314010103','ASUS個人電腦+Polyview17吋顯示器+燒錄機',4,'094/12/01','098/12/01','2年93天',34769,1,4,NULL,1,'2012-07-30 04:13:47','2012-07-30 04:13:47'),
	(1342,11,'10746','314010103','ASUS W3000筆記型電腦',4,'094/12/01','098/12/01','2年93天',44776,1,4,NULL,1,'2012-07-30 04:13:47','2012-07-30 04:13:47'),
	(1343,11,'10747','314010103','ASUS W3000筆記型電腦',4,'094/12/01','098/12/01','2年93天',44776,1,4,NULL,1,'2012-07-30 04:13:47','2012-07-30 04:13:47'),
	(1344,11,'10876','314010103','ASUS個人電腦+Polyview17吋顯示器+燒錄機',4,'094/12/30','098/12/30','2年64天',34769,1,4,NULL,1,'2012-07-30 04:13:47','2012-07-30 04:13:47'),
	(1345,11,'10877','314010103','ASUS個人電腦+Polyview17吋顯示器+燒錄機',4,'094/12/30','098/12/30','2年64天',34769,1,4,NULL,1,'2012-07-30 04:13:47','2012-07-30 04:13:47'),
	(1346,11,'10878','314010103','ASUS個人電腦+Polyview17吋顯示器+燒錄機',4,'094/12/30','098/12/30','2年64天',34769,1,4,NULL,1,'2012-07-30 04:13:47','2012-07-30 04:13:47'),
	(1347,11,'10879','314010103','ASUS個人電腦+Polyview17吋顯示器+燒錄機',4,'094/12/30','098/12/30','2年64天',34769,1,4,NULL,1,'2012-07-30 04:13:47','2012-07-30 04:13:47'),
	(1348,11,'10880','314010103','ASUS個人電腦+Polyview17吋顯示器+燒錄機',4,'094/12/30','098/12/30','2年64天',34769,1,4,NULL,1,'2012-07-30 04:13:47','2012-07-30 04:13:47'),
	(1349,11,'10881','314010103','ASUS個人電腦+Polyview17吋顯示器+燒錄機',4,'094/12/30','098/12/30','2年64天',34769,1,4,NULL,1,'2012-07-30 04:13:47','2012-07-30 04:13:47'),
	(1350,11,'11838','6010102','電腦辦公桌 / 附一抽屜',4,'091/05/01','096/05/01','4年308天',1700,1,5,NULL,1,'2012-07-30 04:13:47','2012-07-30 04:13:47'),
	(1351,11,'11839','6010102','電腦辦公桌 / 附一抽屜',4,'091/05/01','096/05/01','4年308天',1700,1,5,NULL,1,'2012-07-30 04:13:47','2012-07-30 04:13:47'),
	(1352,11,'11840','6010102','電腦辦公桌 / 附一抽屜',4,'091/05/01','096/05/01','4年308天',1700,1,5,NULL,1,'2012-07-30 04:13:47','2012-07-30 04:13:47'),
	(1353,11,'11841','6010102','電腦辦公桌 / 附一抽屜',4,'091/05/01','096/05/01','4年308天',1700,1,5,NULL,1,'2012-07-30 04:13:47','2012-07-30 04:13:47'),
	(1354,11,'11842','6010102','電腦辦公桌 / 附一抽屜',4,'091/05/01','096/05/01','4年308天',1700,1,5,NULL,1,'2012-07-30 04:13:47','2012-07-30 04:13:47'),
	(1355,11,'11843','6010102','電腦辦公桌 / 附一抽屜',4,'091/05/01','096/05/01','4年308天',1700,1,5,NULL,1,'2012-07-30 04:13:47','2012-07-30 04:13:47'),
	(1356,11,'11844','6010102','電腦辦公桌 / 附一抽屜',4,'091/05/01','096/05/01','4年308天',1700,1,5,NULL,1,'2012-07-30 04:13:47','2012-07-30 04:13:47'),
	(1357,11,'13185','3140101-03','ASUS個人電腦(AS-D765+VW193D)',4,'098/09/03','102/09/03','',24990,1,4,NULL,1,'2012-07-30 04:13:47','2012-07-30 04:13:47'),
	(1358,11,'13186','3140101-03','ASUS個人電腦(AS-D765+VW193D)',4,'098/09/03','102/09/03','',24990,1,4,NULL,1,'2012-07-30 04:13:47','2012-07-30 04:13:47'),
	(1359,11,'13187','3140101-03','ASUS個人電腦(AS-D765+VW193D)',4,'098/09/03','102/09/03','',24990,1,4,NULL,1,'2012-07-30 04:13:47','2012-07-30 04:13:47'),
	(1360,11,'13188','3140101-03','ASUS個人電腦(AS-D765+VW193D)',4,'098/09/03','102/09/03','',24990,1,4,NULL,1,'2012-07-30 04:13:47','2012-07-30 04:13:47'),
	(1361,11,'13189','3140101-03','ASUS個人電腦(AS-D765+VW193D)',4,'098/09/03','102/09/03','',24990,1,4,NULL,1,'2012-07-30 04:13:47','2012-07-30 04:13:47'),
	(1362,11,'13194','3140101-03','筆記型電腦(ASUS Pro83Q)',4,'098/09/03','102/09/03','',28571,1,4,NULL,1,'2012-07-30 04:13:47','2012-07-30 04:13:47'),
	(1363,11,'13195','3140101-03','筆記型電腦(ASUS Pro83Q)',4,'098/09/03','102/09/03','',28571,1,4,NULL,1,'2012-07-30 04:13:47','2012-07-30 04:13:47'),
	(1364,11,'13196','3140101-03','筆記型電腦(ASUS Pro83Q)',4,'098/09/03','102/09/03','',28571,1,4,NULL,1,'2012-07-30 04:13:47','2012-07-30 04:13:47'),
	(1365,11,'13521','3140101-03','個人電腦(Lenovo 7298+Asus VW193D)',4,'099/01/06','103/01/06','',24990,1,4,NULL,1,'2012-07-30 04:13:47','2012-07-30 04:13:47'),
	(1366,11,'13759','3140101-03','Acer企業型電腦(L480+V193W)',4,'099/09/27','103/09/27','',22921,1,4,NULL,1,'2012-07-30 04:13:47','2012-07-30 04:13:47'),
	(1367,11,'13760','3140101-03','Acer企業型電腦(L480+V193W)',4,'099/09/27','103/09/27','',22921,1,4,NULL,1,'2012-07-30 04:13:47','2012-07-30 04:13:47'),
	(1368,11,'13761','3140101-03','Acer企業型電腦(L480+V193W)',4,'099/09/27','103/09/27','',22921,1,4,NULL,1,'2012-07-30 04:13:47','2012-07-30 04:13:47'),
	(1369,11,'13762','3140101-03','Acer企業型電腦(L480+V193W)',4,'099/09/27','103/09/27','',22921,1,4,NULL,1,'2012-07-30 04:13:47','2012-07-30 04:13:47'),
	(1370,11,'13763','3140101-03','Acer企業型電腦(L480+V193W)',4,'099/09/27','103/09/27','',22921,1,4,NULL,1,'2012-07-30 04:13:47','2012-07-30 04:13:47'),
	(1371,11,'13764','3140101-03','Acer企業型電腦(L480+V193W)',4,'099/09/27','103/09/27','',22921,1,4,NULL,1,'2012-07-30 04:13:47','2012-07-30 04:13:47'),
	(1372,11,'14480','314010103','ASUS一般型電腦(MD710+VW193R)',4,'100/12/12','104/12/12','',25000,1,4,NULL,1,'2012-07-30 04:13:47','2012-07-30 04:13:47'),
	(1373,11,'14481','314010103','ASUS一般型電腦(MD710+VW193R)',4,'100/12/12','104/12/12','',25000,1,4,NULL,1,'2012-07-30 04:13:47','2012-07-30 04:13:47'),
	(1374,11,'14482','314010103','ASUS一般型電腦(MD710+VW193R)',4,'100/12/12','104/12/12','',25000,1,4,NULL,1,'2012-07-30 04:13:47','2012-07-30 04:13:47'),
	(1375,11,'14483','314010103','ASUS一般型電腦(MD710+VW193R)',4,'100/12/12','104/12/12','',25000,1,4,NULL,1,'2012-07-30 04:13:47','2012-07-30 04:13:47'),
	(1376,11,'14484','314010103','ASUS一般型電腦(MD710+VW193R)',4,'100/12/12','104/12/12','',25000,1,4,NULL,1,'2012-07-30 04:13:47','2012-07-30 04:13:47'),
	(1377,11,'14485','314010103','ASUS一般型電腦(MD710+VW193R)',4,'100/12/12','104/12/12','',25000,1,4,NULL,1,'2012-07-30 04:13:47','2012-07-30 04:13:47'),
	(1378,11,'14486','314010103','ASUS一般型電腦(MD710+VW193R)',4,'100/12/12','104/12/12','',25000,1,4,NULL,1,'2012-07-30 04:13:47','2012-07-30 04:13:47'),
	(1379,11,'14488','314010103','筆記型電腦(ASUS P43S)',4,'100/12/12','104/12/12','',28785,1,4,NULL,1,'2012-07-30 04:13:47','2012-07-30 04:13:47');

/*!40000 ALTER TABLE `assets` ENABLE KEYS */;
UNLOCK TABLES;


# Dump of table locations
# ------------------------------------------------------------

DROP TABLE IF EXISTS `locations`;

CREATE TABLE `locations` (
  `id` int(11) unsigned NOT NULL AUTO_INCREMENT,
  `name` varchar(50) DEFAULT NULL,
  PRIMARY KEY (`id`)
) ENGINE=InnoDB DEFAULT CHARSET=utf8;

LOCK TABLES `locations` WRITE;
/*!40000 ALTER TABLE `locations` DISABLE KEYS */;

INSERT INTO `locations` (`id`, `name`)
VALUES
	(1,'隊本部'),
	(2,'環警一中隊'),
	(3,'環警二中隊'),
	(4,'環警三中隊');

/*!40000 ALTER TABLE `locations` ENABLE KEYS */;
UNLOCK TABLES;


# Dump of table users
# ------------------------------------------------------------

DROP TABLE IF EXISTS `users`;

CREATE TABLE `users` (
  `id` int(11) unsigned NOT NULL AUTO_INCREMENT,
  `username` varchar(20) NOT NULL DEFAULT '',
  `password` varchar(100) NOT NULL DEFAULT '',
  `name` varchar(50) DEFAULT NULL,
  `email` varchar(150) DEFAULT NULL,
  `location_id` int(11) DEFAULT NULL,
  `group` int(11) DEFAULT NULL,
  `phone` varchar(100) DEFAULT NULL,
  `profile_fields` text,
  `cell_phone` varchar(100) DEFAULT NULL,
  `status` int(11) NOT NULL DEFAULT '1',
  `created_at` datetime DEFAULT NULL,
  `updated_at` datetime DEFAULT NULL,
  `last_login` int(11) DEFAULT NULL,
  `login_hash` varchar(100) DEFAULT NULL,
  PRIMARY KEY (`id`)
) ENGINE=InnoDB DEFAULT CHARSET=utf8;

LOCK TABLES `users` WRITE;
/*!40000 ALTER TABLE `users` DISABLE KEYS */;

INSERT INTO `users` (`id`, `username`, `password`, `name`, `email`, `location_id`, `group`, `phone`, `profile_fields`, `cell_phone`, `status`, `created_at`, `updated_at`, `last_login`, `login_hash`)
VALUES
	(1,'dars','wF2lewlI6ogJyKSQUfeRhULstfENm6ZmUKbFEDplnxU=','Dars','dars94@gmail.com',1,100,NULL,'a:0:{}',NULL,1,'2012-07-12 03:29:00','2012-07-12 03:29:00',1343577907,'e4d0ffd003fa83ab3930762aedd13230fdc92448'),
	(2,'eppt007','wF2lewlI6ogJyKSQUfeRhULstfENm6ZmUKbFEDplnxU=','黃興耀','hsingyao@mail.eppt.gov.tw',1,100,NULL,NULL,NULL,1,NULL,NULL,NULL,NULL),
	(3,'eppt207','wF2lewlI6ogJyKSQUfeRhULstfENm6ZmUKbFEDplnxU=','楊亮哲','liangche@mail.eppt.gov.tw',3,1,'04-24739111',NULL,NULL,1,NULL,NULL,NULL,NULL),
	(4,'eppt107','wF2lewlI6ogJyKSQUfeRhULstfENm6ZmUKbFEDplnxU=','劉晃','liuhuang@mail.eppt.gov.tw',2,1,'02-27850324',NULL,NULL,1,NULL,NULL,NULL,NULL),
	(5,'eppt005','wF2lewlI6ogJyKSQUfeRhULstfENm6ZmUKbFEDplnxU=','辜正賢','chenghsien@eppt.gov.tw',1,50,'02-26511471',NULL,NULL,1,NULL,NULL,NULL,NULL),
	(6,'eppt305','wF2lewlI6ogJyKSQUfeRhULstfENm6ZmUKbFEDplnxU=','洪文雄','wenhsiung@mail.eppt.gov.tw',4,1,'07-7761586',NULL,NULL,1,NULL,NULL,NULL,NULL),
	(7,'eppt003','wF2lewlI6ogJyKSQUfeRhULstfENm6ZmUKbFEDplnxU=','鄭坤源',NULL,1,50,NULL,NULL,NULL,1,NULL,NULL,NULL,NULL),
	(8,'eppt103','wF2lewlI6ogJyKSQUfeRhULstfENm6ZmUKbFEDplnxU=','吳小萬',NULL,2,1,NULL,NULL,NULL,1,NULL,NULL,NULL,NULL),
	(9,'eppt101','wF2lewlI6ogJyKSQUfeRhULstfENm6ZmUKbFEDplnxU=','蔣招祺',NULL,2,1,NULL,NULL,NULL,1,NULL,NULL,NULL,NULL),
	(10,'eppt303','wF2lewlI6ogJyKSQUfeRhULstfENm6ZmUKbFEDplnxU=','林昆男',NULL,4,1,NULL,NULL,NULL,1,NULL,NULL,NULL,NULL),
	(11,'eppt307','wF2lewlI6ogJyKSQUfeRhULstfENm6ZmUKbFEDplnxU=','李唯齊','weichi@mail.eppt.gov.tw',4,1,'07-7761586',NULL,NULL,1,NULL,NULL,NULL,NULL),
	(12,'eppt209','wF2lewlI6ogJyKSQUfeRhULstfENm6ZmUKbFEDplnxU=','趙國隆',NULL,3,1,NULL,NULL,NULL,1,NULL,NULL,NULL,NULL),
	(14,'test','wF2lewlI6ogJyKSQUfeRhULstfENm6ZmUKbFEDplnxU=','TEST','test@test.com',1,1,NULL,NULL,NULL,0,'2012-07-27 05:17:59','2012-07-30 02:59:56',NULL,NULL);

/*!40000 ALTER TABLE `users` ENABLE KEYS */;
UNLOCK TABLES;



/*!40111 SET SQL_NOTES=@OLD_SQL_NOTES */;
/*!40101 SET SQL_MODE=@OLD_SQL_MODE */;
/*!40014 SET FOREIGN_KEY_CHECKS=@OLD_FOREIGN_KEY_CHECKS */;
/*!40101 SET CHARACTER_SET_CLIENT=@OLD_CHARACTER_SET_CLIENT */;
/*!40101 SET CHARACTER_SET_RESULTS=@OLD_CHARACTER_SET_RESULTS */;
/*!40101 SET COLLATION_CONNECTION=@OLD_COLLATION_CONNECTION */;
